key,sequence-number,creation-moment,memorandum,more-info,key:patronage
patronage-report-01,ABC-123:0001,2022/01/01 16:00,This is the memorandum of patronage report 01This is the memorandum of patronage report 01This is the memorandum of patronage report 01This is the memorandum of patronage report 01This is the memorandum of patronage report 01This is the memorandum of patr,https://moreinfo.com,patronage-01
patronage-report-02,DEF-456:0001,2022/02/01 12:23,This is the memorandum of patronage report 02,https://moreinfo.com,patronage-02
patronage-report-03,GHI-789:0001,2022/01/31 00:00,This is the memorandum of patronage report 03,null,patronage-03
patronage-report-04,JKL-101:0001,2021/08/11 00:30,This is the memorandum of patronage report 04,https://moreinfo.com,patronage-04
patronage-report-05,MNO-222:0001,2022/02/28 01:00,This is the memorandum of patronage report 05,https://moreinfo.com,patronage-05
patronage-report-06,PQR-230:0001,2022/03/10 13:50,This is the memorandum of patronage report 06,https://moreinfo.com,patronage-06
patronage-report-07,STU-134:0001,2022/03/01 04:00,This is the memorandum of patronage report 07,https://moreinfo.com,patronage-07
patronage-report-08,FFF-163:0001,2022/02/05 00:00,This is the memorandum of patronage report 08,https://moreinfo.com,patronage-08
patronage-report-09,POU-173:0001,2021/12/24 17:00,This is the memorandum of patronage report 09,null,patronage-09
patronage-report-10,XYZ-192:0001,2022/01/30 00:00,T,https://moreinfo.com,patronage-10
patronage-report-11,ABC-321:0001,2022/01/01 16:00,This is the memorandum of patronage report 11,https://moreinfo.com,patronage-11
patronage-report-12,DEF-654:0001,2022/02/01 12:23,This is the memorandum of patronage report 12,https://moreinfo.com,patronage-12
patronage-report-13,GHI-987:0001,2022/01/31 00:00,This is the memorandum of patronage report 13,null,patronage-13
patronage-report-14,JKL-121:0001,2021/08/11 00:30,This is the memorandum of patronage report 14,https://moreinfo.com,patronage-14
patronage-report-15,MNO-233:0001,2022/02/28 01:00,This is the memorandum of patronage report 15,https://moreinfo.com,patronage-15
patronage-report-16,PQR-032:0001,2022/03/10 13:50,This is the memorandum of patronage report 16,https://moreinfo.com,patronage-16
patronage-report-17,STU-431:0001,2022/03/01 04:00,This is the memorandum of patronage report 17,https://moreinfo.com,patronage-17
patronage-report-18,FFF-361:0001,2022/02/05 00:00,This is the memorandum of patronage report 18,https://moreinfo.com,patronage-18
patronage-report-19,POU-371:0001,2021/12/24 17:00,This is the memorandum of patronage report 19,null,patronage-19
patronage-report-20,XYZ-291:0001,2022/01/30 00:00,This is the memorandum of patronage report 20,https://moreinfo.com,patronage-20
