timestamp,simple-path,time
"2022-04-25 22:13:29.456","/master/welcome",15521
"2022-04-25 22:13:31.152","/master/welcome",1543
"2022-04-25 22:13:37.751","/master/sign-in",5751
"2022-04-25 22:13:39.712","/master/welcome",1096
"2022-04-25 22:13:43.968","/administrator/system-configuration/show",3265
"2022-04-25 22:13:45.214","/master/welcome",749
"2022-04-25 22:13:46.763","/master/welcome",1133
"2022-04-25 22:13:53.285","/master/welcome",686
"2022-04-25 22:13:57.535","/any/chirp/list",3381
"2022-04-25 22:14:02.081","/master/welcome",1841
"2022-04-25 22:14:04.945","/any/chirp/list",1671
"2022-04-25 22:14:08.117","/master/welcome",772
"2022-04-25 22:14:10.411","/any/chirp/list",1679
"2022-04-25 22:14:13.588","/master/welcome",729
"2022-04-25 22:14:15.716","/any/chirp/list",1177
"2022-04-25 22:14:18.961","/master/welcome",901
"2022-04-25 22:14:21.011","/any/chirp/list",1186
"2022-04-25 22:14:24.187","/master/welcome",818
"2022-04-25 22:14:26.212","/any/chirp/list",1125
"2022-04-25 22:14:29.177","/master/welcome",666
"2022-04-25 22:14:32.088","/any/chirp/list",1901
"2022-04-25 22:14:35.436","/master/welcome",873
"2022-04-25 22:14:38.611","/any/chirp/list",2253
"2022-04-25 22:14:41.98","/master/welcome",920
"2022-04-25 22:14:44.017","/any/chirp/list",1162
"2022-04-25 22:14:47.016","/master/welcome",664
"2022-04-25 22:14:49.531","/any/chirp/list",1674
"2022-04-25 22:14:52.942","/master/welcome",787
"2022-04-25 22:14:55.149","/any/chirp/list",1242
"2022-04-25 22:14:58.303","/master/welcome",713
"2022-04-25 22:15:00.278","/any/chirp/list",1105
"2022-04-25 22:15:03.369","/master/welcome",734
"2022-04-25 22:15:06.557","/any/chirp/list",2336
"2022-04-25 22:15:10.12","/master/welcome",1192
"2022-04-25 22:15:12.878","/any/chirp/list",1647
"2022-04-25 22:15:16.371","/master/welcome",1044
"2022-04-25 22:15:18.372","/any/chirp/list",1125
"2022-04-25 22:15:21.429","/master/welcome",769
"2022-04-25 22:15:23.554","/any/chirp/list",1669
"2022-04-25 22:15:26.881","/master/welcome",880
"2022-04-25 22:15:29.419","/any/chirp/list",1649
"2022-04-25 22:15:32.486","/master/welcome",698
"2022-04-25 22:15:34.403","/any/chirp/list",1091
"2022-04-25 22:15:37.542","/master/welcome",748
"2022-04-25 22:15:39.609","/any/chirp/list",1132
"2022-04-25 22:15:42.952","/master/welcome",743
"2022-04-25 22:15:44.904","/any/chirp/list",1145
"2022-04-25 22:15:47.921","/master/welcome",674
"2022-04-25 22:15:49.95","/any/chirp/list",1164
"2022-04-25 22:15:53.015","/master/welcome",777
"2022-04-25 22:15:54.543","/any/chirp/list",1134
"2022-04-25 22:15:57.944","/master/welcome",739
"2022-04-25 22:16:00.105","/any/chirp/list",1869
"2022-04-25 22:16:03.133","/master/welcome",663
"2022-04-25 22:16:05.069","/any/chirp/list",1106
"2022-04-25 22:16:08.077","/master/welcome",674
"2022-04-25 22:16:10.086","/any/chirp/list",1182
"2022-04-25 22:16:13.405","/master/welcome",825
"2022-04-25 22:16:15.418","/any/chirp/list",1729
"2022-04-25 22:16:22.665","/master/welcome",1325
"2022-04-25 22:16:24.844","/any/item/list-published-tools",1692
"2022-04-25 22:16:28.939","/any/item/show",2153
"2022-04-25 22:16:30.375","/master/welcome",829
"2022-04-25 22:16:32.043","/any/item/list-published-tools",1235
"2022-04-25 22:16:36.218","/any/item/show",1654
"2022-04-25 22:16:37.802","/master/welcome",860
"2022-04-25 22:16:39.479","/any/item/list-published-tools",1247
"2022-04-25 22:16:43.098","/any/item/show",1101
"2022-04-25 22:16:44.339","/master/welcome",643
"2022-04-25 22:16:45.828","/any/item/list-published-tools",1125
"2022-04-25 22:16:50.239","/any/item/show",1128
"2022-04-25 22:16:51.585","/master/welcome",781
"2022-04-25 22:16:53.042","/any/item/list-published-components",1105
"2022-04-25 22:16:56.621","/any/item/show",1101
"2022-04-25 22:16:58.074","/master/welcome",896
"2022-04-25 22:16:59.476","/any/item/list-published-components",1105
"2022-04-25 22:17:03.05","/any/item/show",1099
"2022-04-25 22:17:06.372","/master/welcome",694
"2022-04-25 22:17:08.982","/any/toolkit/list",1689
"2022-04-25 22:17:11.428","/any/toolkit/show",1123
"2022-04-25 22:17:12.873","/any/item/list-toolkit-items",1100
"2022-04-25 22:17:14.989","/any/item/show",1081
"2022-04-25 22:17:16.686","/any/item/list-toolkit-items",1097
"2022-04-25 22:17:17.516","/master/welcome",741
"2022-04-25 22:17:18.976","/any/toolkit/list",1119
"2022-04-25 22:17:20.872","/any/toolkit/show",1079
"2022-04-25 22:17:22.397","/any/item/list-toolkit-items",1145
"2022-04-25 22:17:24.574","/any/item/show",1097
"2022-04-25 22:17:26.104","/any/item/list-toolkit-items",1141
"2022-04-25 22:17:27.144","/master/welcome",990
"2022-04-25 22:17:29.154","/any/toolkit/list",1656
"2022-04-25 22:17:31.034","/any/toolkit/show",1078
"2022-04-25 22:17:33.038","/any/item/list-toolkit-items",1112
"2022-04-25 22:17:35.205","/any/item/show",1158
"2022-04-25 22:17:36.949","/any/item/list-toolkit-items",1099
"2022-04-25 22:17:38.223","/master/welcome",1232
"2022-04-25 22:17:39.834","/any/toolkit/list",1232
"2022-04-25 22:17:41.802","/any/toolkit/show",1101
"2022-04-25 22:17:43.318","/any/item/list-toolkit-items",1137
"2022-04-25 22:17:45.445","/any/item/show",1093
"2022-04-25 22:17:47.005","/any/item/list-toolkit-items",1080
"2022-04-25 22:17:47.845","/master/welcome",776
"2022-04-25 22:17:49.306","/any/toolkit/list",1167
"2022-04-25 22:17:51.251","/any/toolkit/show",1096
"2022-04-25 22:17:52.682","/any/item/list-toolkit-items",564
"2022-04-25 22:17:54.879","/any/item/show",1126
"2022-04-25 22:17:56.41","/any/item/list-toolkit-items",1090
"2022-04-25 22:17:57.228","/master/welcome",764
"2022-04-25 22:17:59.309","/any/toolkit/list",1242
"2022-04-25 22:18:01.303","/any/toolkit/show",609
"2022-04-25 22:18:02.807","/any/item/list-toolkit-items",1151
"2022-04-25 22:18:05.012","/any/item/show",1088
"2022-04-25 22:18:06.538","/any/item/list-toolkit-items",1123
"2022-04-25 22:18:09.471","/master/welcome",676
"2022-04-25 22:18:10.211","/master/welcome",689
"2022-04-25 22:18:11.545","/master/sign-in",1121
"2022-04-25 22:18:13.509","/master/welcome",593
"2022-04-25 22:18:15.538","/inventor/patronage/list-mine",1712
"2022-04-25 22:18:19.714","/inventor/patronage/show",1658
"2022-04-25 22:18:21.233","/master/welcome",920
"2022-04-25 22:18:22.635","/master/welcome",623
"2022-04-25 22:18:25.512","/master/welcome",786
"2022-04-25 22:18:26.241","/master/welcome",672
"2022-04-25 22:18:27.551","/master/sign-in",1108
"2022-04-25 22:18:29.502","/master/welcome",593
"2022-04-25 22:18:31.077","/inventor/patronage/list-mine",1133
"2022-04-25 22:18:34.874","/inventor/patronage/show",1111
"2022-04-25 22:18:36.115","/master/welcome",695
"2022-04-25 22:18:37.433","/master/welcome",1121
"2022-04-25 22:18:40.275","/master/welcome",746
"2022-04-25 22:18:41.06","/master/welcome",740
"2022-04-25 22:18:42.363","/master/sign-in",1088
"2022-04-25 22:18:44.408","/master/welcome",600
"2022-04-25 22:18:46.441","/inventor/patronage/list-mine",1137
"2022-04-25 22:18:50.114","/inventor/patronage/show",1129
"2022-04-25 22:18:51.508","/master/welcome",761
"2022-04-25 22:18:52.82","/master/welcome",1107
"2022-04-25 22:18:55.595","/master/welcome",684
"2022-04-25 22:18:56.452","/master/welcome",818
"2022-04-25 22:18:57.753","/master/sign-in",1095
"2022-04-25 22:18:59.703","/master/welcome",618
"2022-04-25 22:19:01.771","/inventor/patronage/list-mine",1149
"2022-04-25 22:19:05.35","/inventor/patronage/show",1091
"2022-04-25 22:19:06.722","/master/welcome",730
"2022-04-25 22:19:08.015","/master/welcome",1099
"2022-04-25 22:19:10.973","/master/welcome",850
"2022-04-25 22:19:11.718","/master/welcome",694
"2022-04-25 22:19:13.009","/master/sign-in",1094
"2022-04-25 22:19:14.438","/master/welcome",595
"2022-04-25 22:19:16.082","/inventor/patronage/list-mine",1283
"2022-04-25 22:19:19.679","/inventor/patronage/show",1096
"2022-04-25 22:19:20.936","/master/welcome",661
"2022-04-25 22:19:22.317","/master/welcome",626
"2022-04-25 22:19:28.675","/master/welcome",1007
"2022-04-25 22:19:29.617","/master/welcome",888
"2022-04-25 22:19:31.502","/master/sign-in",1105
"2022-04-25 22:19:33.505","/master/welcome",1131
"2022-04-25 22:19:36.663","/patron/patronage-report/list",2783
"2022-04-25 22:19:41.235","/patron/patronage-report/show",2206
"2022-04-25 22:19:42.855","/master/welcome",1218
"2022-04-25 22:19:44.189","/master/welcome",1139
"2022-04-25 22:19:47.023","/master/welcome",733
"2022-04-25 22:19:48.139","/master/welcome",1065
"2022-04-25 22:19:49.536","/master/sign-in",1133
"2022-04-25 22:19:51.383","/master/welcome",1117
"2022-04-25 22:19:52.981","/patron/patronage-report/list",1245
"2022-04-25 22:19:56.382","/patron/patronage-report/show",1089
"2022-04-25 22:19:57.437","/master/welcome",665
"2022-04-25 22:19:58.846","/master/welcome",621
"2022-04-25 22:20:01.641","/master/welcome",717
"2022-04-25 22:20:02.548","/master/welcome",862
"2022-04-25 22:20:03.839","/master/sign-in",1086
"2022-04-25 22:20:05.217","/master/welcome",599
"2022-04-25 22:20:07.244","/patron/patronage-report/list",1108
"2022-04-25 22:20:10.606","/patron/patronage-report/show",602
"2022-04-25 22:20:11.83","/master/welcome",832
"2022-04-25 22:20:13.234","/master/welcome",602
"2022-04-25 22:20:16.089","/master/welcome",766
"2022-04-25 22:20:16.814","/master/welcome",674
"2022-04-25 22:20:18.102","/master/sign-in",1115
"2022-04-25 22:20:19.5","/master/welcome",590
"2022-04-25 22:20:21.713","/patron/patronage-report/list",1234
"2022-04-25 22:20:25.014","/patron/patronage-report/show",1073
"2022-04-25 22:20:26.031","/master/welcome",654
"2022-04-25 22:20:27.318","/master/welcome",1090
"2022-04-25 22:20:30.246","/master/welcome",828
"2022-04-25 22:20:31.081","/master/welcome",784
"2022-04-25 22:20:32.365","/master/sign-in",1112
"2022-04-25 22:20:34.312","/master/welcome",591
"2022-04-25 22:20:35.836","/patron/patronage-report/list",1229
"2022-04-25 22:20:39.247","/patron/patronage-report/show",1091
"2022-04-25 22:20:40.491","/master/welcome",838
"2022-04-25 22:20:41.816","/master/welcome",1082
"2022-04-25 22:20:44.612","/master/welcome",694
"2022-04-25 22:20:45.425","/master/welcome",772
"2022-04-25 22:20:46.768","/master/sign-in",1092
"2022-04-25 22:20:48.642","/master/welcome",579
"2022-04-25 22:20:50.199","/patron/patronage-report/list",1199
"2022-04-25 22:20:53.624","/patron/patronage-report/show",590
"2022-04-25 22:20:54.815","/master/welcome",831
"2022-04-25 22:20:56.174","/master/welcome",1124
"2022-04-25 22:21:00.905","/master/welcome",790
"2022-04-25 22:21:01.689","/master/welcome",735
"2022-04-25 22:21:03.001","/master/sign-in",1122
"2022-04-25 22:21:04.942","/master/welcome",619
"2022-04-25 22:21:06.945","/inventor/toolkit/list-mine",1093
"2022-04-25 22:21:09.606","/inventor/toolkit/show",1097
"2022-04-25 22:21:12.379","/inventor/item/list-toolkit-items",1763
"2022-04-25 22:21:15.77","/inventor/item/show",1078
"2022-04-25 22:21:18.904","/master/welcome",715
"2022-04-25 22:21:19.709","/master/welcome",756
"2022-04-25 22:21:21.036","/master/sign-in",1130
"2022-04-25 22:21:22.938","/master/welcome",1103
"2022-04-25 22:21:24.384","/authenticated/announcement/list",1140
"2022-04-25 22:21:26.987","/authenticated/announcement/show",1618
"2022-04-25 22:21:28.248","/master/welcome",872
"2022-04-25 22:21:29.582","/master/welcome",1145
"2022-04-25 22:21:32.324","/master/welcome",651
"2022-04-25 22:21:33.071","/master/welcome",696
"2022-04-25 22:21:34.351","/master/sign-in",1093
"2022-04-25 22:21:36.334","/master/welcome",609
"2022-04-25 22:21:37.853","/authenticated/announcement/list",1155
"2022-04-25 22:21:40.591","/authenticated/announcement/show",605
"2022-04-25 22:21:41.681","/master/welcome",701
"2022-04-25 22:21:42.975","/master/welcome",1105
"2022-04-25 22:21:45.823","/master/welcome",753
"2022-04-25 22:21:46.558","/master/welcome",689
"2022-04-25 22:21:47.895","/master/sign-in",1129
"2022-04-25 22:21:49.807","/master/welcome",589
"2022-04-25 22:21:51.274","/authenticated/announcement/list",1140
"2022-04-25 22:21:53.714","/authenticated/announcement/show",1098
"2022-04-25 22:21:54.744","/master/welcome",655
"2022-04-25 22:21:56.038","/master/welcome",1094
"2022-04-25 22:22:01.263","/master/welcome",717
"2022-04-25 22:22:02.051","/master/welcome",750
"2022-04-25 22:22:07.003","https://www.youtube.com",901
"2022-04-25 22:22:08.352","/master/welcome",1108
"2022-04-25 22:22:10.852","https://www.twitch.tv",587
"2022-04-25 22:22:12.643","/master/welcome",1677
"2022-04-25 22:22:14.066","https://pokemonshowdown.com",1114
"2022-04-25 22:22:15.721","/master/welcome",1582
"2022-04-25 22:22:16.878","https://play.hbomax.com",742
"2022-04-25 22:22:17.998","/master/welcome",1059
"2022-04-25 22:22:18.938","https://ev.us.es/webapps/blackboard/execute/modulepage/view",578
"2022-04-25 22:22:20.068","/master/welcome",1086
"2022-04-25 22:22:22.284","https://www.netflix.com/es",645
"2022-04-25 22:22:27.43","/master/welcome",1935
"2022-04-25 22:22:28.325","/master/welcome",862
"2022-04-25 22:22:30.818","/anonymous/user-account/create",1704
"2022-04-25 22:22:34.384","/master/welcome",1127
"2022-04-25 22:22:37.085","/master/welcome",638
"2022-04-25 22:22:38.376","/master/sign-in",1096
"2022-04-25 22:22:40.391","/master/welcome",681
"2022-04-25 22:22:41.122","/master/welcome",665
"2022-04-25 22:22:42.386","/master/welcome",1088
"2022-04-25 22:22:45.214","/master/welcome",724
"2022-04-25 22:22:46.16","/master/welcome",920
"2022-04-25 22:22:48.143","/anonymous/user-account/create",1192
"2022-04-25 22:22:51.413","/master/welcome",607
"2022-04-25 22:22:54.11","/master/welcome",614
"2022-04-25 22:22:55.445","/master/sign-in",1122
"2022-04-25 22:22:57.415","/master/welcome",618
"2022-04-25 22:22:58.207","/master/welcome",721
"2022-04-25 22:22:59.545","/master/welcome",1124
"2022-04-25 22:23:02.312","/master/welcome",669
"2022-04-25 22:23:03.129","/master/welcome",761
"2022-04-25 22:23:04.988","/anonymous/user-account/create",1635
"2022-04-25 22:23:08.329","/master/welcome",707
"2022-04-25 22:23:11.111","/master/welcome",697
"2022-04-25 22:23:12.443","/master/sign-in",1122
"2022-04-25 22:23:14.377","/master/welcome",1093
"2022-04-25 22:23:15.222","/master/welcome",773
"2022-04-25 22:23:16.553","/master/welcome",1084
"2022-04-25 22:23:19.477","/master/welcome",808
"2022-04-25 22:23:20.326","/master/welcome",803
"2022-04-25 22:23:21.65","/anonymous/user-account/create",1109
"2022-04-25 22:23:24.872","/master/welcome",602
"2022-04-25 22:23:27.563","/master/welcome",597
"2022-04-25 22:23:28.971","/master/sign-in",1150
"2022-04-25 22:23:30.362","/master/welcome",602
"2022-04-25 22:23:31.274","/master/welcome",802
"2022-04-25 22:23:32.812","/master/welcome",1184
"2022-04-25 22:23:36.053","/master/welcome",1112
"2022-04-25 22:23:36.95","/master/welcome",855
"2022-04-25 22:23:38.826","/anonymous/user-account/create",1665
"2022-04-25 22:23:42.53","/master/welcome",1106
"2022-04-25 22:23:45.523","/master/welcome",909
"2022-04-25 22:23:47.057","/master/sign-in",1217
"2022-04-25 22:23:49.039","/master/welcome",1104
"2022-04-25 22:23:49.887","/master/welcome",781
"2022-04-25 22:23:51.789","/master/welcome",1121
"2022-04-25 22:23:54.613","/master/welcome",706
"2022-04-25 22:23:55.385","/master/welcome",730
"2022-04-25 22:23:57.254","/anonymous/user-account/create",1141
"2022-04-25 22:24:00.831","/master/welcome",604
"2022-04-25 22:24:03.806","/master/welcome",900
"2022-04-25 22:24:05.939","/master/sign-in",1905
"2022-04-25 22:24:08.547","/master/welcome",1134
"2022-04-25 22:24:09.659","/master/welcome",1012
"2022-04-25 22:24:11.736","/master/welcome",1217
"2022-04-25 22:24:14.939","/master/welcome",1071
"2022-04-25 22:24:15.935","/master/welcome",931
"2022-04-25 22:24:17.289","/anonymous/user-account/create",1100
"2022-04-25 22:24:20.387","/master/welcome",589
"2022-04-25 22:24:23.189","/master/welcome",679
"2022-04-25 22:24:24.543","/master/sign-in",1117
"2022-04-25 22:24:25.985","/master/welcome",598
"2022-04-25 22:24:26.785","/master/welcome",719
"2022-04-25 22:24:28.182","/master/welcome",1168
"2022-04-25 22:24:31.042","/master/welcome",731
"2022-04-25 22:24:31.707","/master/welcome",616
"2022-04-25 22:24:33.011","/anonymous/user-account/create",1109
"2022-04-25 22:24:36.066","/master/welcome",570
"2022-04-25 22:24:38.648","/master/welcome",489
"2022-04-25 22:24:39.922","/master/sign-in",1081
"2022-04-25 22:24:41.901","/master/welcome",1149
"2022-04-25 22:24:42.652","/master/welcome",681
"2022-04-25 22:24:43.939","/master/welcome",1101
"2022-04-25 22:24:46.707","/master/welcome",663
"2022-04-25 22:24:47.431","/master/welcome",683
"2022-04-25 22:24:49.316","/anonymous/user-account/create",1142
"2022-04-25 22:24:52.878","/master/welcome",654
"2022-04-25 22:24:55.512","/master/welcome",535
"2022-04-25 22:24:56.801","/master/sign-in",1095
"2022-04-25 22:24:58.139","/master/welcome",593
"2022-04-25 22:24:58.689","/master/welcome",475
"2022-04-25 22:25:00.001","/master/welcome",1090
"2022-04-25 22:25:02.704","/master/welcome",598
"2022-04-25 22:25:03.347","/master/welcome",597
"2022-04-25 22:25:04.657","/anonymous/user-account/create",1117
"2022-04-25 22:25:07.718","/master/welcome",580
"2022-04-25 22:25:10.472","/master/welcome",673
"2022-04-25 22:25:11.781","/master/sign-in",1112
"2022-04-25 22:25:13.152","/master/welcome",625
"2022-04-25 22:25:13.888","/master/welcome",630
"2022-04-25 22:25:15.231","/master/welcome",606
"2022-04-25 22:25:17.968","/master/welcome",637
"2022-04-25 22:25:18.581","/master/welcome",571
"2022-04-25 22:25:19.903","/anonymous/user-account/create",1115
"2022-04-25 22:25:23.108","/master/welcome",624
"2022-04-25 22:25:25.855","/master/welcome",677
"2022-04-25 22:25:27.155","/master/sign-in",1108
"2022-04-25 22:25:29.04","/master/welcome",572
"2022-04-25 22:25:29.58","/master/welcome",486
"2022-04-25 22:25:30.955","/master/welcome",603
"2022-04-25 22:25:33.652","/master/welcome",584
"2022-04-25 22:25:34.555","/master/welcome",862
"2022-04-25 22:25:36.639","/anonymous/user-account/create",1181
"2022-04-25 22:25:39.701","/master/welcome",580
"2022-04-25 22:25:42.426","/master/welcome",651
"2022-04-25 22:25:44.377","/master/sign-in",1209
"2022-04-25 22:25:46.85","/master/welcome",1666
"2022-04-25 22:25:48.476","/master/welcome",1564
"2022-04-25 22:25:50.489","/master/welcome",1644
"2022-04-25 22:25:56.559","/master/welcome",1451
"2022-04-25 22:25:57.659","/master/welcome",1040
"2022-04-25 22:25:59.096","/master/sign-in",1140
"2022-04-25 22:26:01.086","/master/welcome",1130
"2022-04-25 22:26:04.091","/patron/patron-dashboard/show",2185
"2022-04-25 22:26:05.36","/master/welcome",1215
"2022-04-25 22:26:07.307","/master/welcome",1152
"2022-04-25 22:26:12.648","/master/welcome",1029
"2022-04-25 22:26:13.653","/master/welcome",949
"2022-04-25 22:26:15.658","/master/sign-in",1220
"2022-04-25 22:26:17.588","/master/welcome",1120
"2022-04-25 22:26:21.873","/administrator/administrator-dashboard/show",3370
"2022-04-25 22:26:24.384","/master/welcome",2257
"2022-04-25 22:26:26.383","/master/welcome",1204
"2022-04-25 22:26:31.95","/master/welcome",686
"2022-04-25 22:26:32.935","/master/welcome",927
"2022-04-25 22:26:34.852","/master/sign-in",1173
"2022-04-25 22:26:36.74","/master/welcome",1115
"2022-04-25 22:26:39.437","/patron/patronage/list",1705
"2022-04-25 22:26:42.248","/patron/patronage/show",1658
"2022-04-25 22:26:43.707","/master/welcome",795
"2022-04-25 22:26:45.013","/master/welcome",1112
"2022-04-25 22:26:47.992","/master/welcome",884
"2022-04-25 22:26:48.963","/master/welcome",916
"2022-04-25 22:26:50.356","/master/sign-in",1143
"2022-04-25 22:26:51.819","/master/welcome",572
"2022-04-25 22:26:53.49","/patron/patronage/list",1209
"2022-04-25 22:26:56.758","/patron/patronage/show",2188
"2022-04-25 22:26:58.383","/master/welcome",1087
"2022-04-25 22:26:59.718","/master/welcome",1093
"2022-04-25 22:27:02.581","/master/welcome",753
"2022-04-25 22:27:03.535","/master/welcome",907
"2022-04-25 22:27:05.545","/master/sign-in",1181
"2022-04-25 22:27:07.452","/master/welcome",1126
"2022-04-25 22:27:09.2","/patron/patronage/list",1160
"2022-04-25 22:27:11.899","/patron/patronage/show",1616
"2022-04-25 22:27:13.313","/master/welcome",883
"2022-04-25 22:27:15.406","/master/welcome",1195
"2022-04-25 22:27:18.301","/master/welcome",800
"2022-04-25 22:27:19.449","/master/welcome",1081
"2022-04-25 22:27:21.42","/master/sign-in",1239
"2022-04-25 22:27:23.228","/master/welcome",1113
"2022-04-25 22:27:25.921","/patron/patronage/list",1684
"2022-04-25 22:27:28.606","/patron/patronage/show",1644
"2022-04-25 22:27:30.251","/master/welcome",1031
"2022-04-25 22:27:31.602","/master/welcome",1098
"2022-04-25 22:27:34.618","/master/welcome",924
"2022-04-25 22:27:35.849","/master/welcome",1182
"2022-04-25 22:27:37.28","/master/sign-in",1179
"2022-04-25 22:27:39.25","/master/welcome",1112
"2022-04-25 22:27:41.319","/patron/patronage/list",1141
"2022-04-25 22:27:44.376","/patron/patronage/show",1679
"2022-04-25 22:27:45.974","/master/welcome",949
"2022-04-25 22:27:47.908","/master/welcome",1134
"2022-04-25 22:27:51.088","/master/welcome",1077
"2022-04-25 22:27:51.864","/master/welcome",735
"2022-04-25 22:27:53.173","/master/sign-in",1089
"2022-04-25 22:27:55.222","/master/welcome",639
"2022-04-25 22:27:56.854","/patron/patronage/list",1167
"2022-04-25 22:27:59.71","/patron/patronage/show",1634
"2022-04-25 22:28:01.35","/master/welcome",984
"2022-04-25 22:28:02.668","/master/welcome",1105
"2022-04-25 22:28:08.142","/master/welcome",841
"2022-04-25 22:28:09.27","/master/welcome",1076
"2022-04-25 22:28:11.401","/master/sign-in",1123
"2022-04-25 22:28:13.272","/master/welcome",1111
"2022-04-25 22:28:15.28","/authenticated/system-configuration/show",1648
"2022-04-25 22:28:16.505","/master/welcome",964
"2022-04-25 22:28:17.872","/master/welcome",1128
"2022-04-25 22:28:23.006","/master/welcome",862
"2022-04-25 22:28:23.858","/master/welcome",787
"2022-04-25 22:28:25.29","/master/sign-in",1195
"2022-04-25 22:28:27.253","/master/welcome",1101
"2022-04-25 22:28:28.819","/inventor/item/list-my-tools",1179
"2022-04-25 22:28:32.746","/inventor/item/show",1099
"2022-04-25 22:28:34.222","/master/welcome",1106
"2022-04-25 22:28:35.555","/master/welcome",1133
"2022-04-25 22:28:40.981","/master/welcome",1039
"2022-04-25 22:28:41.724","/master/welcome",689
"2022-04-25 22:28:43.636","/master/sign-in",1134
"2022-04-25 22:28:45.539","/master/welcome",612
"2022-04-25 22:28:47.482","/inventor/item/list-my-tools",1217
"2022-04-25 22:28:50.583","/master/welcome",790
"2022-04-25 22:28:51.94","/master/welcome",1109
"2022-04-25 22:28:55.245","/master/welcome",1197
"2022-04-25 22:28:56.354","/master/welcome",1053
"2022-04-25 22:28:57.785","/master/sign-in",1168
"2022-04-25 22:28:59.851","/master/welcome",1120
"2022-04-25 22:29:01.945","/inventor/item/list-my-tools",1166
"2022-04-25 22:29:05.238","/master/welcome",1002
"2022-04-25 22:29:06.582","/master/welcome",1135
"2022-04-25 22:29:09.667","/master/welcome",935
"2022-04-25 22:29:10.692","/master/welcome",981
"2022-04-25 22:29:12.154","/master/sign-in",1100
"2022-04-25 22:29:14.085","/master/welcome",1101
"2022-04-25 22:29:15.844","/inventor/item/list-my-tools",1389
"2022-04-25 22:29:18.916","/master/welcome",636
"2022-04-25 22:29:20.234","/master/welcome",1101
"2022-04-25 22:29:23.38","/master/welcome",1029
"2022-04-25 22:29:24.425","/master/welcome",995
"2022-04-25 22:29:25.851","/master/sign-in",1167
"2022-04-25 22:29:27.779","/master/welcome",1098
"2022-04-25 22:29:29.346","/inventor/item/list-my-tools",1172
"2022-04-25 22:29:32.872","/master/welcome",750
"2022-04-25 22:29:34.198","/master/welcome",1098
"2022-04-25 22:29:37.251","/master/welcome",951
"2022-04-25 22:29:38.152","/master/welcome",858
"2022-04-25 22:29:39.659","/master/sign-in",1186
"2022-04-25 22:29:41.683","/master/welcome",1111
"2022-04-25 22:29:43.739","/inventor/item/list-my-tools",1169
"2022-04-25 22:29:46.978","/master/welcome",859
"2022-04-25 22:29:48.421","/master/welcome",1194
"2022-04-25 22:29:51.612","/master/welcome",1023
"2022-04-25 22:29:52.209","/master/welcome",574
"2022-04-25 22:29:53.524","/master/sign-in",1121
"2022-04-25 22:29:55.473","/master/welcome",1117
"2022-04-25 22:29:56.989","/inventor/item/list-my-components",1119
"2022-04-25 22:29:58.878","/master/welcome",786
"2022-04-25 22:30:00.211","/master/welcome",1133
"2022-04-25 22:30:05.593","/master/welcome",769
"2022-04-25 22:30:06.877","/master/welcome",1231
"2022-04-25 22:30:08.306","/master/sign-in",1195
"2022-04-25 22:30:10.228","/master/welcome",1117
"2022-04-25 22:30:12.241","/inventor/patronage-report/list",1658
"2022-04-25 22:30:15.49","/inventor/patronage-report/show",1664
"2022-04-25 22:30:16.918","/master/welcome",942
"2022-04-25 22:30:18.237","/master/welcome",1106
"2022-04-25 22:30:21.486","/master/welcome",1131
"2022-04-25 22:30:22.479","/master/welcome",950
"2022-04-25 22:30:23.881","/master/sign-in",1118
"2022-04-25 22:30:26.517","/master/welcome",1171
"2022-04-25 22:30:28.137","/inventor/patronage-report/list",1302
"2022-04-25 22:30:31.467","/inventor/patronage-report/show",1640
"2022-04-25 22:30:32.478","/master/welcome",644
"2022-04-25 22:30:33.839","/master/welcome",1150
"2022-04-25 22:30:36.891","/master/welcome",958
"2022-04-25 22:30:38.005","/master/welcome",1056
"2022-04-25 22:30:39.488","/master/sign-in",1181
"2022-04-25 22:30:41.522","/master/welcome",1120
"2022-04-25 22:30:43.243","/inventor/patronage-report/list",1336
"2022-04-25 22:30:46.507","/inventor/patronage-report/show",1631
"2022-04-25 22:30:47.959","/master/welcome",1107
"2022-04-25 22:30:49.344","/master/welcome",1124
"2022-04-25 22:30:52.331","/master/welcome",871
"2022-04-25 22:30:53.246","/master/welcome",869
"2022-04-25 22:30:54.595","/master/sign-in",1132
"2022-04-25 22:30:56.539","/master/welcome",1137
"2022-04-25 22:30:58.329","/inventor/patronage-report/list",1105
"2022-04-25 22:31:01.104","/inventor/patronage-report/show",1147
"2022-04-25 22:31:02.208","/master/welcome",645
"2022-04-25 22:31:03.505","/master/welcome",1091
"2022-04-25 22:31:06.547","/master/welcome",931
"2022-04-25 22:31:07.486","/master/welcome",883
"2022-04-25 22:31:09.617","/master/sign-in",1326
"2022-04-25 22:31:11.576","/master/welcome",1120
"2022-04-25 22:31:13.578","/inventor/patronage-report/list",1095
"2022-04-25 22:31:16.328","/inventor/patronage-report/show",1102
"2022-04-25 22:31:17.717","/master/welcome",962
"2022-04-25 22:31:19.715","/master/welcome",1171
"2022-04-25 22:31:25.313","/master/welcome",1148
"2022-04-25 22:31:27.931","/any/user-account/list",1709
"2022-04-25 22:31:30.938","/any/user-account/show",1658
"2022-04-25 22:31:32.165","/master/welcome",686
"2022-04-25 22:31:34.152","/any/user-account/list",1650
"2022-04-25 22:31:37.147","/any/user-account/show",1646
"2022-04-25 22:31:38.499","/master/welcome",886
"2022-04-25 22:31:40.604","/any/user-account/list",1734
"2022-04-25 22:31:43.047","/any/user-account/show",1089
"2022-04-25 22:31:44.346","/master/welcome",861
"2022-04-25 22:31:46.585","/any/user-account/list",1853
"2022-04-25 22:31:49.656","/any/user-account/show",1158
"2022-04-25 22:31:51.018","/master/welcome",927
"2022-04-25 22:31:53.085","/any/user-account/list",1095
"2022-04-25 22:31:56.238","/any/user-account/show",1156
"2022-04-25 22:31:57.587","/master/welcome",926
"2022-04-25 22:31:58.622","/master/welcome",986
"2022-04-25 22:31:59.985","/master/sign-in",1165
"2022-04-25 22:32:02.416","/master/welcome",1188
"2022-04-25 22:32:04.621","/any/user-account/list",1750
"2022-04-25 22:32:06.995","/any/user-account/show",1090
"2022-04-25 22:32:08.318","/master/welcome",949
"2022-04-25 22:32:09.644","/master/welcome",591
"2022-04-25 22:32:12.805","/master/welcome",1077
"2022-04-25 22:32:13.646","/master/welcome",802
"2022-04-25 22:32:15.58","/master/sign-in",1118
"2022-04-25 22:32:17.45","/master/welcome",1108
"2022-04-25 22:32:18.882","/any/user-account/list",1108
"2022-04-25 22:32:21.341","/any/user-account/show",1113
"2022-04-25 22:32:22.374","/master/welcome",656
"2022-04-25 22:32:23.719","/master/welcome",1125
"2022-04-25 22:32:26.564","/master/welcome",761
"2022-04-25 22:32:27.312","/master/welcome",710
"2022-04-25 22:32:29.267","/master/sign-in",1700
"2022-04-25 22:32:31.255","/master/welcome",1115
"2022-04-25 22:32:33.21","/any/user-account/list",1095
"2022-04-25 22:32:35.538","/any/user-account/show",1088
"2022-04-25 22:32:36.523","/master/welcome",601
"2022-04-25 22:32:37.787","/master/welcome",1094
"2022-04-25 22:32:40.601","/master/welcome",707
"2022-04-25 22:32:41.431","/master/welcome",787
"2022-04-25 22:32:42.747","/master/sign-in",1107
"2022-04-25 22:32:44.6","/master/welcome",1090
"2022-04-25 22:32:46.053","/any/user-account/list",1111
"2022-04-25 22:32:48.45","/any/user-account/show",1108
"2022-04-25 22:32:50.682","/master/welcome",1724
"2022-04-25 22:32:52.109","/master/welcome",1094
"2022-04-25 22:32:54.902","/master/welcome",705
"2022-04-25 22:32:55.576","/master/welcome",624
"2022-04-25 22:32:57.426","/master/sign-in",1623
"2022-04-25 22:32:59.4","/master/welcome",1114
"2022-04-25 22:33:01.088","/any/user-account/list",1249
"2022-04-25 22:33:04.112","/any/user-account/show",1085
"2022-04-25 22:33:05.289","/master/welcome",803
"2022-04-25 22:33:06.67","/master/welcome",1114
